{
 "seed": 20260612,
 "max_nodes": 4,
 "m_obs": 20,
 "n2": {
  "t_alphabets": 12,
  "scores": [
   3.3343495776080965,
   3.3256862457544676,
   3.432958965123116,
   3.595763005633965,
   3.545348916112161,
   3.259598800192878,
   3.1216459574036,
   3.329671856015473,
   3.412839706488186,
   3.282747334860658,
   3.432054471013676,
   3.5337108248049205
  ],
  "envelope": 3.595763005633965,
  "single_alphabet_median": 3.412839706488186
 },
 "n3": {
  "n_perms": 2000,
  "fitted": {
   "identity_J": 3.1966351008519576,
   "null_median": -0.37236585070098766,
   "identity_percentile": 100.0
  },
  "vague": {
   "identity_J": -0.6380935406646262,
   "null_median": -0.49377411889573253,
   "identity_percentile": 11.7
  }
 }
}